post_id,user_id,title,content,published_at
1,45,Post Title 1,This is the content of post 1. It is just an example.,2024-02-09 04:22:54
2,48,Post Title 2,This is the content of post 2. It is just an example.,2024-02-09 04:22:54
3,1,Post Title 3,This is the content of post 3. It is just an example.,2024-02-09 04:22:54
4,4,Post Title 4,This is the content of post 4. It is just an example.,2024-02-09 04:22:54
5,4,Post Title 5,This is the content of post 5. It is just an example.,2024-02-09 04:22:54
6,40,Post Title 6,This is the content of post 6. It is just an example.,2024-02-09 04:22:54
7,10,Post Title 7,This is the content of post 7. It is just an example.,2024-02-09 04:22:54
8,20,Post Title 8,This is the content of post 8. It is just an example.,2024-02-09 04:22:54
9,22,Post Title 9,This is the content of post 9. It is just an example.,2024-02-09 04:22:54
10,37,Post Title 10,This is the content of post 10. It is just an example.,2024-02-09 04:22:54
11,24,Post Title 11,This is the content of post 11. It is just an example.,2024-02-09 04:22:54
12,7,Post Title 12,This is the content of post 12. It is just an example.,2024-02-09 04:22:54
13,25,Post Title 13,This is the content of post 13. It is just an example.,2024-02-09 04:22:54
14,25,Post Title 14,This is the content of post 14. It is just an example.,2024-02-09 04:22:54
15,13,Post Title 15,This is the content of post 15. It is just an example.,2024-02-09 04:22:54
16,2,Post Title 16,This is the content of post 16. It is just an example.,2024-02-09 04:22:54
17,39,Post Title 17,This is the content of post 17. It is just an example.,2024-02-09 04:22:54
18,40,Post Title 18,This is the content of post 18. It is just an example.,2024-02-09 04:22:54
19,24,Post Title 19,This is the content of post 19. It is just an example.,2024-02-09 04:22:54
20,47,Post Title 20,This is the content of post 20. It is just an example.,2024-02-09 04:22:54
21,25,Post Title 21,This is the content of post 21. It is just an example.,2024-02-09 04:22:54
22,18,Post Title 22,This is the content of post 22. It is just an example.,2024-02-09 04:22:54
23,38,Post Title 23,This is the content of post 23. It is just an example.,2024-02-09 04:22:54
24,26,Post Title 24,This is the content of post 24. It is just an example.,2024-02-09 04:22:54
25,14,Post Title 25,This is the content of post 25. It is just an example.,2024-02-09 04:22:54
26,9,Post Title 26,This is the content of post 26. It is just an example.,2024-02-09 04:22:54
27,10,Post Title 27,This is the content of post 27. It is just an example.,2024-02-09 04:22:54
28,21,Post Title 28,This is the content of post 28. It is just an example.,2024-02-09 04:22:54
29,17,Post Title 29,This is the content of post 29. It is just an example.,2024-02-09 04:22:54
30,6,Post Title 30,This is the content of post 30. It is just an example.,2024-02-09 04:22:54
31,16,Post Title 31,This is the content of post 31. It is just an example.,2024-02-09 04:22:54
32,48,Post Title 32,This is the content of post 32. It is just an example.,2024-02-09 04:22:54
33,1,Post Title 33,This is the content of post 33. It is just an example.,2024-02-09 04:22:54
34,19,Post Title 34,This is the content of post 34. It is just an example.,2024-02-09 04:22:54
35,36,Post Title 35,This is the content of post 35. It is just an example.,2024-02-09 04:22:54
36,25,Post Title 36,This is the content of post 36. It is just an example.,2024-02-09 04:22:54
37,50,Post Title 37,This is the content of post 37. It is just an example.,2024-02-09 04:22:54
38,30,Post Title 38,This is the content of post 38. It is just an example.,2024-02-09 04:22:54
39,20,Post Title 39,This is the content of post 39. It is just an example.,2024-02-09 04:22:54
40,20,Post Title 40,This is the content of post 40. It is just an example.,2024-02-09 04:22:54
41,15,Post Title 41,This is the content of post 41. It is just an example.,2024-02-09 04:22:54
42,40,Post Title 42,This is the content of post 42. It is just an example.,2024-02-09 04:22:54
43,33,Post Title 43,This is the content of post 43. It is just an example.,2024-02-09 04:22:54
44,2,Post Title 44,This is the content of post 44. It is just an example.,2024-02-09 04:22:54
45,10,Post Title 45,This is the content of post 45. It is just an example.,2024-02-09 04:22:54
46,33,Post Title 46,This is the content of post 46. It is just an example.,2024-02-09 04:22:54
47,32,Post Title 47,This is the content of post 47. It is just an example.,2024-02-09 04:22:54
48,11,Post Title 48,This is the content of post 48. It is just an example.,2024-02-09 04:22:54
49,24,Post Title 49,This is the content of post 49. It is just an example.,2024-02-09 04:22:54
50,36,Post Title 50,This is the content of post 50. It is just an example.,2024-02-09 04:22:54
51,12,Post Title 51,This is the content of post 51. It is just an example.,2024-02-09 04:22:54
52,29,Post Title 52,This is the content of post 52. It is just an example.,2024-02-09 04:22:54
53,35,Post Title 53,This is the content of post 53. It is just an example.,2024-02-09 04:22:54
54,1,Post Title 54,This is the content of post 54. It is just an example.,2024-02-09 04:22:54
55,1,Post Title 55,This is the content of post 55. It is just an example.,2024-02-09 04:22:54
56,37,Post Title 56,This is the content of post 56. It is just an example.,2024-02-09 04:22:54
57,6,Post Title 57,This is the content of post 57. It is just an example.,2024-02-09 04:22:54
58,39,Post Title 58,This is the content of post 58. It is just an example.,2024-02-09 04:22:54
59,41,Post Title 59,This is the content of post 59. It is just an example.,2024-02-09 04:22:54
60,18,Post Title 60,This is the content of post 60. It is just an example.,2024-02-09 04:22:54
61,16,Post Title 61,This is the content of post 61. It is just an example.,2024-02-09 04:22:54
62,5,Post Title 62,This is the content of post 62. It is just an example.,2024-02-09 04:22:54
63,42,Post Title 63,This is the content of post 63. It is just an example.,2024-02-09 04:22:54
64,43,Post Title 64,This is the content of post 64. It is just an example.,2024-02-09 04:22:54
65,32,Post Title 65,This is the content of post 65. It is just an example.,2024-02-09 04:22:54
66,2,Post Title 66,This is the content of post 66. It is just an example.,2024-02-09 04:22:54
67,2,Post Title 67,This is the content of post 67. It is just an example.,2024-02-09 04:22:54
68,40,Post Title 68,This is the content of post 68. It is just an example.,2024-02-09 04:22:54
69,42,Post Title 69,This is the content of post 69. It is just an example.,2024-02-09 04:22:54
70,36,Post Title 70,This is the content of post 70. It is just an example.,2024-02-09 04:22:54
71,39,Post Title 71,This is the content of post 71. It is just an example.,2024-02-09 04:22:54
72,12,Post Title 72,This is the content of post 72. It is just an example.,2024-02-09 04:22:54
73,47,Post Title 73,This is the content of post 73. It is just an example.,2024-02-09 04:22:54
74,19,Post Title 74,This is the content of post 74. It is just an example.,2024-02-09 04:22:54
75,28,Post Title 75,This is the content of post 75. It is just an example.,2024-02-09 04:22:54
76,1,Post Title 76,This is the content of post 76. It is just an example.,2024-02-09 04:22:54
77,15,Post Title 77,This is the content of post 77. It is just an example.,2024-02-09 04:22:54
78,36,Post Title 78,This is the content of post 78. It is just an example.,2024-02-09 04:22:54
79,13,Post Title 79,This is the content of post 79. It is just an example.,2024-02-09 04:22:54
80,43,Post Title 80,This is the content of post 80. It is just an example.,2024-02-09 04:22:54
81,21,Post Title 81,This is the content of post 81. It is just an example.,2024-02-09 04:22:54
82,12,Post Title 82,This is the content of post 82. It is just an example.,2024-02-09 04:22:54
83,5,Post Title 83,This is the content of post 83. It is just an example.,2024-02-09 04:22:54
84,7,Post Title 84,This is the content of post 84. It is just an example.,2024-02-09 04:22:54
85,5,Post Title 85,This is the content of post 85. It is just an example.,2024-02-09 04:22:54
86,48,Post Title 86,This is the content of post 86. It is just an example.,2024-02-09 04:22:54
87,4,Post Title 87,This is the content of post 87. It is just an example.,2024-02-09 04:22:54
88,13,Post Title 88,This is the content of post 88. It is just an example.,2024-02-09 04:22:54
89,37,Post Title 89,This is the content of post 89. It is just an example.,2024-02-09 04:22:54
90,41,Post Title 90,This is the content of post 90. It is just an example.,2024-02-09 04:22:54
91,15,Post Title 91,This is the content of post 91. It is just an example.,2024-02-09 04:22:54
92,16,Post Title 92,This is the content of post 92. It is just an example.,2024-02-09 04:22:54
93,21,Post Title 93,This is the content of post 93. It is just an example.,2024-02-09 04:22:54
94,36,Post Title 94,This is the content of post 94. It is just an example.,2024-02-09 04:22:54
95,24,Post Title 95,This is the content of post 95. It is just an example.,2024-02-09 04:22:54
96,16,Post Title 96,This is the content of post 96. It is just an example.,2024-02-09 04:22:54
97,14,Post Title 97,This is the content of post 97. It is just an example.,2024-02-09 04:22:54
98,22,Post Title 98,This is the content of post 98. It is just an example.,2024-02-09 04:22:54
99,49,Post Title 99,This is the content of post 99. It is just an example.,2024-02-09 04:22:54
100,50,Post Title 100,This is the content of post 100. It is just an example.,2024-02-09 04:22:54
