user_id,username,email,created_at
1,user_1,user_1@example.com,2024-02-09 04:20:21
2,user_2,user_2@example.com,2024-02-09 04:20:21
3,user_3,user_3@example.com,2024-02-09 04:20:21
4,user_4,user_4@example.com,2024-02-09 04:20:21
5,user_5,user_5@example.com,2024-02-09 04:20:21
6,user_6,user_6@example.com,2024-02-09 04:20:21
7,user_7,user_7@example.com,2024-02-09 04:20:21
8,user_8,user_8@example.com,2024-02-09 04:20:21
9,user_9,user_9@example.com,2024-02-09 04:20:21
10,user_10,user_10@example.com,2024-02-09 04:20:21
11,user_11,user_11@example.com,2024-02-09 04:20:21
12,user_12,user_12@example.com,2024-02-09 04:20:21
13,user_13,user_13@example.com,2024-02-09 04:20:21
14,user_14,user_14@example.com,2024-02-09 04:20:21
15,user_15,user_15@example.com,2024-02-09 04:20:21
16,user_16,user_16@example.com,2024-02-09 04:20:21
17,user_17,user_17@example.com,2024-02-09 04:20:21
18,user_18,user_18@example.com,2024-02-09 04:20:21
19,user_19,user_19@example.com,2024-02-09 04:20:21
20,user_20,user_20@example.com,2024-02-09 04:20:21
21,user_21,user_21@example.com,2024-02-09 04:20:21
22,user_22,user_22@example.com,2024-02-09 04:20:21
23,user_23,user_23@example.com,2024-02-09 04:20:21
24,user_24,user_24@example.com,2024-02-09 04:20:21
25,user_25,user_25@example.com,2024-02-09 04:20:21
26,user_26,user_26@example.com,2024-02-09 04:20:21
27,user_27,user_27@example.com,2024-02-09 04:20:21
28,user_28,user_28@example.com,2024-02-09 04:20:21
29,user_29,user_29@example.com,2024-02-09 04:20:21
30,user_30,user_30@example.com,2024-02-09 04:20:21
31,user_31,user_31@example.com,2024-02-09 04:20:21
32,user_32,user_32@example.com,2024-02-09 04:20:21
33,user_33,user_33@example.com,2024-02-09 04:20:21
34,user_34,user_34@example.com,2024-02-09 04:20:21
35,user_35,user_35@example.com,2024-02-09 04:20:21
36,user_36,user_36@example.com,2024-02-09 04:20:21
37,user_37,user_37@example.com,2024-02-09 04:20:21
38,user_38,user_38@example.com,2024-02-09 04:20:21
39,user_39,user_39@example.com,2024-02-09 04:20:21
40,user_40,user_40@example.com,2024-02-09 04:20:21
41,user_41,user_41@example.com,2024-02-09 04:20:21
42,user_42,user_42@example.com,2024-02-09 04:20:21
43,user_43,user_43@example.com,2024-02-09 04:20:21
44,user_44,user_44@example.com,2024-02-09 04:20:21
45,user_45,user_45@example.com,2024-02-09 04:20:21
46,user_46,user_46@example.com,2024-02-09 04:20:21
47,user_47,user_47@example.com,2024-02-09 04:20:21
48,user_48,user_48@example.com,2024-02-09 04:20:21
49,user_49,user_49@example.com,2024-02-09 04:20:21
50,user_50,user_50@example.com,2024-02-09 04:20:21
